Workbook

Sheet distances
A1: cluster | B1: BEL1 | C1: BEL2 | D1: DE | E1: NL1 | F1: NL3 | G1: NL4 | H1: NL2
A2: BEL1 | B2: 0 | C2: 99 | D2: 187 | E2: 33 | F2: 288 | G2: 51 | H2: 112
A3: BEL2 | B3: 99 | C3: 0 | D3: 233 | E3: 93 | F3: 383 | G3: 149 | H3: 150
A4: DE | B4: 187 | C4: 233 | D4: 0 | E4: 220 | F4: 244 | G4: 185 | H4: 83
A5: NL1 | B5: 33 | C5: 93 | D5: 220 | E5: 0 | F5: 309 | G5: 67 | H5: 144
A6: NL3 | B6: 288 | C6: 383 | D6: 244 | E6: 309 | F6: 0 | G6: 242 | H6: 274
A7: NL4 | B7: 51 | C7: 149 | D7: 185 | E7: 67 | F7: 242 | G7: 0 | H7: 126
A8: NL2 | B8: 112 | C8: 150 | D8: 83 | E8: 144 | F8: 274 | G8: 126 | H8: 0

Sheet connection
A1: cluster | B1: BEL1 | C1: BEL2 | D1: DE | E1: NL1 | F1: NL3 | G1: NL2 | H1: NL4
A2: BEL1 | B2: 0 | C2: 1 | D2: 0 | E2: 1 | F2: 0 | G2: 1 | H2: 1
A3: BEL2 | B3: 1 | C3: 0 | D3: 0 | E3: 0 | F3: 0 | G3: 0 | H3: 0
A4: DE | B4: 0 | C4: 0 | D4: 0 | E4: 0 | F4: 1 | G4: 1 | H4: 0
A5: NL1 | B5: 1 | C5: 0 | D5: 0 | E5: 0 | F5: 0 | G5: 0 | H5: 1
A6: NL3 | B6: 0 | C6: 0 | D6: 1 | E6: 0 | F6: 0 | G6: 1 | H6: 1
A7: NL2 | B7: 1 | C7: 0 | D7: 1 | E7: 0 | F7: 1 | G7: 0 | H7: 0
A8: NL4 | B8: 1 | C8: 0 | D8: 0 | E8: 1 | F8: 1 | G8: 0 | H8: 0

Sheet existing_sizes
A1: cluster | B1: BEL1 | C1: BEL2 | D1: DE | E1: NL1 | F1: NL3 | G1: NL2 | H1: NL4
A2: BEL1 | B2: =connection!B2*450 -> 0 | C2: =connection!C2*450 -> 450 | D2: =connection!D2*450 -> 0 | E2: =connection!E2*450 -> 450 | F2: =connection!F2*450 -> 0 | G2: =connection!G2*450 -> 450 | H2: =connection!H2*450 -> 450
A3: BEL2 | B3: =connection!B3*450 -> 450 | C3: =connection!C3*450 -> 0 | D3: =connection!D3*450 -> 0 | E3: =connection!E3*450 -> 0 | F3: =connection!F3*450 -> 0 | G3: =connection!G3*450 -> 0 | H3: =connection!H3*450 -> 0
A4: DE | B4: =connection!B4*450 -> 0 | C4: =connection!C4*450 -> 0 | D4: =connection!D4*450 -> 0 | E4: =connection!E4*450 -> 0 | F4: =connection!F4*450 -> 450 | G4: =connection!G4*450 -> 450 | H4: =connection!H4*450 -> 0
A5: NL1 | B5: =connection!B5*450 -> 450 | C5: =connection!C5*450 -> 0 | D5: =connection!D5*450 -> 0 | E5: =connection!E5*450 -> 0 | F5: =connection!F5*450 -> 0 | G5: =connection!G5*450 -> 0 | H5: =connection!H5*450 -> 450
A6: NL3 | B6: =connection!B6*450 -> 0 | C6: =connection!C6*450 -> 0 | D6: =connection!D6*450 -> 450 | E6: =connection!E6*450 -> 0 | F6: =connection!F6*450 -> 0 | G6: =connection!G6*450 -> 450 | H6: =connection!H6*450 -> 450
A7: NL2 | B7: =connection!B7*450 -> 450 | C7: =connection!C7*450 -> 0 | D7: =connection!D7*450 -> 450 | E7: =connection!E7*450 -> 0 | F7: =connection!F7*450 -> 450 | G7: =connection!G7*450 -> 0 | H7: =connection!H7*450 -> 0
A8: NL4 | B8: =connection!B8*450 -> 450 | C8: =connection!C8*450 -> 0 | D8: =connection!D8*450 -> 0 | E8: =connection!E8*450 -> 450 | F8: =connection!F8*450 -> 450 | G8: =connection!G8*450 -> 0 | H8: =connection!H8*450 -> 0
