Workbook

Sheet existing
A1: cluster | B1: SOEC | C1: PEMEC | D1: HaberBosch | E1: Storage_Battery | F1: Storage_H2 | G1: HBfeed_mixer | H1: ASU | I1: SteamReformer | J1: Boiler_El | K1: WGS_syngas | L1: eSMR_syngas | M1: CrackerFurnace | N1: OlefinSeparation | O1: eCrackerFurnace | P1: MeOHsynthesis | Q1: MethanolToOlefins | R1: rWGS | S1: Plastic2methanol | T1: feedgas_mixer | U1: HBfeed_splitter | V1: Biomass2methanol | W1: CO2_mixer | X1: naphtha_mixer | Y1: DAC_Adsorption | Z1: CO2toEmissions | AA1: electricity_grid_connection_BE | AB1: electricity_grid_connection_DE | AC1: electricity_grid_connection_NL | AD1: H2_network_connection_in | AE1: H2_network_connection_out
A2: BEL1 | B2: ='existing (2)'!B2/10 -> 0 | C2: ='existing (2)'!C2/10 -> 0 | D2: ='existing (2)'!D2/10 -> 0 | E2: ='existing (2)'!E2/10 -> 0 | F2: ='existing (2)'!F2/10 -> 0.138 | G2: ='existing (2)'!G2/10 -> 0 | H2: ='existing (2)'!H2/10 -> 0 | I2: ='existing (2)'!I2/10 -> 11.41 | ... X2: ='existing (2)'!X2/10 -> 0.685 | Y2: 579 | Z2: ='existing (2)'!Z2/10 -> 0 | AA2: ='existing (2)'!AA2/10 -> 0 | AB2: ='existing (2)'!AB2/10 -> 0 | AC2: ='existing (2)'!AC2/10 -> 0 | AD2: ='existing (2)'!AD2/10 -> 0 | AE2: ='existing (2)'!AE2/10 -> 0
A3: BEL2 | B3: ='existing (2)'!B3/10 -> 0.521 | C3: ='existing (2)'!C3/10 -> 0 | D3: ='existing (2)'!D3/10 -> 4.566 | E3: ='existing (2)'!E3/10 -> 0 | F3: ='existing (2)'!F3/10 -> 0.144 | G3: ='existing (2)'!G3/10 -> 0.808 | H3: ='existing (2)'!H3/10 -> 0.355 | I3: ='existing (2)'!I3/10 -> 0 | ... AE3: ='existing (2)'!AE3/10 -> 0
A4: DE | B4: ='existing (2)'!B4/10 -> 0 | C4: ='existing (2)'!C4/10 -> 0 | D4: ='existing (2)'!D4/10 -> 3.995 | E4: ='existing (2)'!E4/10 -> 0 | F4: ='existing (2)'!F4/10 -> 0.046 | G4: ='existing (2)'!G4/10 -> 0.707 | H4: ='existing (2)'!H4/10 -> 0 | I4: ='existing (2)'!I4/10 -> 17.704 | ... AE4: ='existing (2)'!AE4/10 -> 0
A5: NL1 | B5: ='existing (2)'!B5/10 -> 0 | C5: ='existing (2)'!C5/10 -> 0 | D5: ='existing (2)'!D5/10 -> 21.689 | E5: ='existing (2)'!E5/10 -> 0 | F5: ='existing (2)'!F5/10 -> 0.296 | G5: ='existing (2)'!G5/10 -> 3.839 | H5: ='existing (2)'!H5/10 -> 0.056 | I5: ='existing (2)'!I5/10 -> 10.913 | ... AE5: ='existing (2)'!AE5/10 -> 0
A6: NL2 | B6: ='existing (2)'!B6/10 -> 0 | C6: ='existing (2)'!C6/10 -> 0.096 | D6: ='existing (2)'!D6/10 -> 0 | E6: ='existing (2)'!E6/10 -> 0 | F6: ='existing (2)'!F6/10 -> 0 | G6: ='existing (2)'!G6/10 -> 0 | H6: ='existing (2)'!H6/10 -> 0 | I6: ='existing (2)'!I6/10 -> 6.479 | ... AE6: ='existing (2)'!AE6/10 -> 0
A7: NL3 | B7: ='existing (2)'!B7/10 -> 0 | C7: ='existing (2)'!C7/10 -> 0 | D7: ='existing (2)'!D7/10 -> 0 | E7: ='existing (2)'!E7/10 -> 0 | F7: ='existing (2)'!F7/10 -> 0 | G7: ='existing (2)'!G7/10 -> 0 | H7: ='existing (2)'!H7/10 -> 0 | I7: ='existing (2)'!I7/10 -> 4.852 | ... AE7: ='existing (2)'!AE7/10 -> 0
A8: NL4 | B8: ='existing (2)'!B8/10 -> 0 | C8: ='existing (2)'!C8/10 -> 0 | D8: ='existing (2)'!D8/10 -> 0 | E8: ='existing (2)'!E8/10 -> 0 | F8: ='existing (2)'!F8/10 -> 0 | G8: ='existing (2)'!G8/10 -> 0 | H8: ='existing (2)'!H8/10 -> 0 | I8: ='existing (2)'!I8/10 -> 10.882 | ... AE8: ='existing (2)'!AE8/10 -> 0

Sheet new
A1: cluster | B1: SOEC | C1: PEMEC | D1: HaberBosch | E1: Storage_Battery | F1: Storage_H2 | G1: HBfeed_mixer | H1: ASU | I1: SteamReformer | J1: Boiler_El | K1: WGS_syngas | L1: eSMR_syngas | M1: CrackerFurnace | N1: OlefinSeparation | O1: eCrackerFurnace | P1: MeOHsynthesis | Q1: MethanolToOlefins | R1: rWGS | S1: Plastic2methanol | T1: feedgas_mixer | U1: HBfeed_splitter | V1: Biomass2methanol | W1: CO2_mixer | X1: naphtha_mixer | Y1: DAC_Adsorption | Z1: CO2toEmissions | AA1: electricity_grid_connection_BE | AB1: electricity_grid_connection_DE | AC1: electricity_grid_connection_NL | AD1: H2_network_connection_in | AE1: H2_network_connection_out
A2: BEL1 | B2: 1 | C2: 1 | D2: 1 | E2: 1 | F2: 1 | G2: 1 | H2: 1 | I2: 1 | J2: 1 | K2: 1 | L2: 1 | M2: 1 | N2: 1 | O2: 1 | P2: 1 | Q2: 1 | R2: 1 | S2: 1 | T2: 1 | U2: 1 | V2: 1 | W2: 1 | X2: 1 | Y2: 1 | Z2: 1 | AA2: 1 | AB2: 0 | AC2: 0 | AD2: 1 | AE2: 1
A3: BEL2 | B3: 1 | C3: 1 | D3: 1 | E3: 1 | F3: 1 | G3: 1 | H3: 1 | I3: 1 | J3: 1 | K3: 1 | L3: 1 | M3: 1 | N3: 1 | O3: 1 | P3: 1 | Q3: 1 | R3: 1 | S3: 1 | T3: 1 | U3: 1 | V3: 1 | W3: 1 | X3: 1 | Y3: 1 | Z3: 1 | AA3: 1 | AB3: 0 | AC3: 0 | AD3: 1 | AE3: 1
A4: DE | B4: 1 | C4: 1 | D4: 1 | E4: 1 | F4: 1 | G4: 1 | H4: 1 | I4: 1 | J4: 1 | K4: 1 | L4: 1 | M4: 1 | N4: 1 | O4: 1 | P4: 1 | Q4: 1 | R4: 1 | S4: 1 | T4: 1 | U4: 1 | V4: 1 | W4: 1 | X4: 1 | Y4: 1 | Z4: 1 | AA4: 0 | AB4: 1 | AC4: 0 | AD4: 1 | AE4: 1
A5: NL1 | B5: 1 | C5: 1 | D5: 1 | E5: 1 | F5: 1 | G5: 1 | H5: 1 | I5: 1 | J5: 1 | K5: 1 | L5: 1 | M5: 1 | N5: 1 | O5: 1 | P5: 1 | Q5: 1 | R5: 1 | S5: 1 | T5: 1 | U5: 1 | V5: 1 | W5: 1 | X5: 1 | Y5: 1 | Z5: 1 | AA5: 0 | AB5: 0 | AC5: 1 | AD5: 1 | AE5: 1
A6: NL2 | B6: 1 | C6: 1 | D6: 1 | E6: 1 | F6: 1 | G6: 1 | H6: 1 | I6: 1 | J6: 1 | K6: 1 | L6: 1 | M6: 1 | N6: 1 | O6: 1 | P6: 1 | Q6: 1 | R6: 1 | S6: 1 | T6: 1 | U6: 1 | V6: 1 | W6: 1 | X6: 1 | Y6: 1 | Z6: 1 | AA6: 0 | AB6: 0 | AC6: 1 | AD6: 1 | AE6: 1
A7: NL3 | B7: 1 | C7: 1 | D7: 1 | E7: 1 | F7: 1 | G7: 1 | H7: 1 | I7: 1 | J7: 1 | K7: 1 | L7: 1 | M7: 1 | N7: 1 | O7: 1 | P7: 1 | Q7: 1 | R7: 1 | S7: 1 | T7: 1 | U7: 1 | V7: 1 | W7: 1 | X7: 1 | Y7: 1 | Z7: 1 | AA7: 0 | AB7: 0 | AC7: 1 | AD7: 1 | AE7: 1
A8: NL4 | B8: 1 | C8: 1 | D8: 1 | E8: 1 | F8: 1 | G8: 1 | H8: 1 | I8: 1 | J8: 1 | K8: 1 | L8: 1 | M8: 1 | N8: 1 | O8: 1 | P8: 1 | Q8: 1 | R8: 1 | S8: 1 | T8: 1 | U8: 1 | V8: 1 | W8: 1 | X8: 1 | Y8: 1 | Z8: 1 | AA8: 0 | AB8: 0 | AC8: 1 | AD8: 1 | AE8: 1

Sheet existing (2)
A1: cluster | B1: SOEC | C1: PEMEC | D1: HaberBosch | E1: Storage_Battery | F1: Storage_H2 | G1: HBfeed_mixer | H1: ASU | I1: SteamReformer | J1: Boiler_El | K1: WGS_syngas | L1: eSMR_syngas | M1: CrackerFurnace | N1: OlefinSeparation | O1: eCrackerFurnace | P1: MeOHsynthesis | Q1: MethanolToOlefins | R1: rWGS | S1: Plastic2methanol | T1: feedgas_mixer | U1: HBfeed_splitter | V1: Biomass2methanol | W1: CO2_mixer | X1: naphtha_mixer | Y1: DAC_Adsorption | Z1: CO2toEmissions | AA1: electricity_grid_connection_BE | AB1: electricity_grid_connection_DE | AC1: electricity_grid_connection_NL | AD1: H2_network_connection_in | AE1: H2_network_connection_out
A2: BEL1 | B2: 0 | C2: 0 | D2: 0 | E2: 0 | F2: 1.38 | G2: 0 | H2: 0 | I2: 114.1 | J2: 462.87 | K2: 99.04 | L2: 66.95 | M2: 946.41 | N2: 983.99 | O2: 0 | P2: 370.48 | Q2: 416.03 | R2: 36.8 | S2: 22.37 | T2: 181.05 | U2: 0 | V2: 49.16 | W2: 274.69 | X2: 6.85 | Y2: 5784 | Z2: 0 | AA2: 0 | AB2: 0 | AC2: 0 | AD2: 0 | AE2: 0
A3: BEL2 | B3: 5.21 | C3: 0 | D3: 45.66 | E3: 0 | F3: 1.44 | G3: 8.08 | H3: 3.55 | I3: 0 | J3: 37.72 | K3: 35.22 | L3: 0 | M3: 0 | N3: 0 | O3: 0 | P3: 0 | Q3: 0 | R3: 0 | S3: 0 | T3: 17.75 | U3: 0 | V3: 0 | W3: 0 | X3: 0 | Y3: 0 | Z3: 48.42 | AA3: 0 | AB3: 0 | AC3: 0 | AD3: 0 | AE3: 0
A4: DE | B4: 0 | C4: 0 | D4: 39.95 | E4: 0 | F4: 0.46 | G4: 7.07 | H4: 0 | I4: 177.04 | J4: 541.75 | K4: 20.3 | L4: 313.55 | M4: 666.6 | N4: 666.6 | O4: 0 | P4: 1217.34 | Q4: 1252.62 | R4: 254.91 | S4: 43.32 | T4: 490.59 | U4: 0 | V4: 14.73 | W4: 251.91 | X4: 13.7 | Y4: 0 | Z4: 27.91 | AA4: 0 | AB4: 0 | AC4: 0 | AD4: 0 | AE4: 0
A5: NL1 | B5: 0 | C5: 0 | D5: 216.89 | E5: 0 | F5: 2.96 | G5: 38.39 | H5: 0.56 | I5: 109.13 | J5: 425.64 | K5: 161.81 | L5: 166.88 | M5: 745.4 | N5: 745.4 | O5: 0 | P5: 440.9 | Q5: 440.9 | R5: 0 | S5: 0 | T5: 276.01 | U5: 0 | V5: 0 | W5: 369.14 | X5: 13.7 | Y5: 19990 | Z5: 204.22 | AA5: 0 | AB5: 0 | AC5: 0 | AD5: 0 | AE5: 0
A6: NL2 | B6: 0 | C6: 0.96 | D6: 0 | E6: 0 | F6: 0 | G6: 0 | H6: 0 | I6: 64.79 | J6: 159.7 | K6: 0 | L6: 166.74 | M6: 187.94 | N6: 187.94 | O6: 0 | P6: 526.65 | Q6: 526.65 | R6: 55.31 | S6: 0 | T6: 231.53 | U6: 0 | V6: 0 | W6: 55.31 | X6: 13.7 | Y6: 0 | Z6: 0 | AA6: 0 | AB6: 0 | AC6: 0 | AD6: 0 | AE6: 0
A7: NL3 | B7: 0 | C7: 0 | D7: 0 | E7: 0 | F7: 0 | G7: 0 | H7: 0 | I7: 48.52 | J7: 59.3 | K7: 0 | L7: 0 | M7: 0 | N7: 0 | O7: 0 | P7: 97.03 | Q7: 0 | R7: 18.48 | S7: 15.14 | T7: 48.52 | U7: 0 | V7: 0.36 | W7: 18.38 | X7: 0 | Y7: 0 | Z7: 0 | AA7: 0 | AB7: 0 | AC7: 0 | AD7: 0 | AE7: 0
A8: NL4 | B8: 0 | C8: 0 | D8: 0 | E8: 0 | F8: 0 | G8: 0 | H8: 0 | I8: 108.82 | J8: 284.42 | K8: 46.55 | L8: 107.99 | M8: 136.33 | N8: 136.33 | O8: 0 | P8: 408.4 | Q8: 492.95 | R8: 130.06 | S8: 73.62 | T8: 216.81 | U8: 0 | V8: 2.05 | W8: 311.61 | X8: 13.7 | Y8: 19990 | Z8: 0 | AA8: 0 | AB8: 0 | AC8: 0 | AD8: 0 | AE8: 0
